INSERT INTO Sucursales (id_sucursal, ciudad_ubicacion, cantidad_empleados, costo_anual, ingresos_anual, ganancias)
VALUES
(1, 'Ciudad1', 75, 2315426.97, 1985267.43, -330000.54),
(2, 'Ciudad2', 80, 1200000.00, 1190000.00, -100000.00),
(3, 'Ciudad3', 70, 1133215.00, 2600000.00, 1466785.00),
(4, 'Ciudad4', 75, 1300000.00, 1900000.00, 600000.00);

INSERT INTO Sectores (id_sector, id_sucursal, nombre_sector, costo_sector, ganancia_generada)
VALUES
(1, 1, 'Productivo1', 460000.00, 300000.00),
(2, 1, 'Productivo2', 350000.00, 300000.00),
(3, 1, 'No Productivo', 100000.00, 0.00),
(4, 2, 'Productivo1', 650000.00, 600000.00),
(5, 2, 'Productivo2', 550000.00, 500000.00),
(6, 2, 'No Productivo', 120000.00, 0.00),
(7, 3, 'Productivo1', 300000.00, 1500000.00),
(8, 3, 'Productivo2', 250000.00, 450000.00),
(9, 3, 'No Productivo', 110000.00, 0.00),
(10, 4, 'Productivo1', 350000.00, 600000.00),
(11, 4, 'Productivo2', 300000.00, 12000000.00),
(12, 4, 'No Productivo', 125000.00, 0.00);

INSERT INTO Empleados (id_empleado, nombre_completo, salario_anual, cargas_patronales_anuales, antiguedad, id_sucursal, id_sector_sucursal)
VALUES
(1, 'Juan Perez', 50000.00, 15000.00, 5, 1, 1),
(2, 'Maria Lopez', 55000.00, 16500.00, 3, 1, 2),
(3, 'Carlos Garcia', 45000.00, 13500.00, 2, 1, 3),
(4, 'Ana Martinez', 60000.00, 18000.00, 4, 2, 4),
(5, 'Pedro Sanchez', 52000.00, 15600.00, 6, 2, 5),
(6, 'Laura Gomez', 57000.00, 17100.00, 7, 3, 7),
(7, 'Luis Rodriguez', 53000.00, 15900.00, 8, 3, 8),
(8, 'Marta Fernandez', 58000.00, 17400.00, 9, 4, 10),
(9, 'Jorge Ramirez', 54000.00, 16200.00, 5, 4, 11),
(10, 'Carmen Diaz', 49000.00, 14700.00, 2, 4, 12),
(11, 'Sofia Herrera', 62000.00, 18600.00, 4, 1, 1),
(12, 'Lucas Fernandez', 53000.00, 15900.00, 6, 1, 2),
(13, 'Julia Alvarez', 51000.00, 15300.00, 3, 1, 3),
(14, 'Santiago Ruiz', 58000.00, 17400.00, 7, 2, 4),
(15, 'Paula Gutierrez', 60000.00, 18000.00, 8, 2, 5),
(16, 'Diego Lopez', 55000.00, 16500.00, 2, 3, 7),
(17, 'Manuel Ortiz', 57000.00, 17100.00, 4, 3, 8),
(18, 'Valentina Rios', 52000.00, 15600.00, 6, 4, 10),
(19, 'Ricardo Soto', 59000.00, 17700.00, 5, 4, 11),
(20, 'Raquel Vega', 53000.00, 15900.00, 2, 4, 12),
(21, 'Alejandro Morales', 56000.00, 16800.00, 7, 1, 1),
(22, 'Cristina Vargas', 51000.00, 15300.00, 4, 1, 2),
(23, 'Roberto Castro', 52000.00, 15600.00, 3, 1, 3),
(24, 'Lucia Mendoza', 60000.00, 18000.00, 6, 2, 4),
(25, 'Oscar Navarro', 55000.00, 16500.00, 5, 2, 5),
(26, 'Carla Figueroa', 59000.00, 17700.00, 4, 3, 7),
(27, 'Enrique Vargas', 61000.00, 18300.00, 3, 3, 8),
(28, 'Natalia Romero', 54000.00, 16200.00, 2, 4, 10),
(29, 'Miguel Herrera', 58000.00, 17400.00, 7, 4, 11),
(30, 'Angela Flores', 57000.00, 17100.00, 6, 4, 12),
(31, 'Fernando Perez', 55000.00, 16500.00, 5, 1, 1),
(32, 'Elena Jimenez', 53000.00, 15900.00, 4, 1, 2),
(33, 'Andres Torres', 59000.00, 17700.00, 3, 1, 3),
(34, 'Veronica Castillo', 58000.00, 17400.00, 2, 2, 4),
(35, 'Luis Morales', 61000.00, 18300.00, 7, 2, 5),
(36, 'Silvia Ruiz', 62000.00, 18600.00, 6, 3, 7),
(37, 'Gustavo Serrano', 56000.00, 16800.00, 5, 3, 8),
(38, 'Mariana Paredes', 54000.00, 16200.00, 4, 4, 10),
(39, 'Javier Herrera', 58000.00, 17400.00, 3, 4, 11),
(40, 'Clara Mendoza', 60000.00, 18000.00, 2, 4, 12),
(41, 'Francisco Lopez', 51000.00, 15300.00, 7, 1, 1),
(42, 'Laura Guzman', 55000.00, 16500.00, 6, 1, 2),
(43, 'Hector Sosa', 53000.00, 15900.00, 5, 1, 3),
(44, 'Ana Morales', 57000.00, 17100.00, 4, 2, 4),
(45, 'Ruben Castillo', 60000.00, 18000.00, 3, 2, 5),
(46, 'Ines Torres', 58000.00, 17400.00, 2, 3, 7),
(47, 'Rafael Gil', 62000.00, 18600.00, 7, 3, 8),
(48, 'Pablo Rojas', 54000.00, 16200.00, 6, 4, 10),
(49, 'Daniela Varela', 55000.00, 16500.00, 5, 1, 1),
(50, 'Mario Rivera', 60000.00, 18000.00, 4, 1, 2),
(51, 'Patricia Blanco', 52000.00, 15600.00, 3, 1, 3),
(52, 'Eduardo Jimenez', 54000.00, 16200.00, 2, 1, 1),
(53, 'Luisa Fuentes', 57000.00, 17100.00, 7, 2, 4),
(54, 'Sebastian Vega', 59000.00, 17700.00, 6, 2, 5),
(55, 'Teresa Dominguez', 61000.00, 18300.00, 5, 3, 7),
(56, 'Gabriel Alvarez', 58000.00, 17400.00, 4, 3, 8),
(57, 'Isabel Ruiz', 56000.00, 16800.00, 3, 4, 10),
(58, 'Felipe Ortiz', 60000.00, 18000.00, 2, 4, 11),
(59, 'Elena Paredes', 52000.00, 15600.00, 5, 4, 12),
(60, 'Jorge Fernandez', 54000.00, 16200.00, 4, 1, 1),
(61, 'Susana Delgado', 57000.00, 17100.00, 3, 1, 2),
(62, 'Alberto Gutierrez', 59000.00, 17700.00, 2, 1, 3),
(63, 'Diana Romero', 61000.00, 18300.00, 7, 2, 4),
(64, 'Julian Morales', 58000.00, 17400.00, 6, 2, 5),
(65, 'Claudia Castro', 56000.00, 16800.00, 5, 3, 7),
(66, 'Miguel Cabrera', 60000.00, 18000.00, 4, 3, 8),
(67, 'Lorena Sanchez', 52000.00, 15600.00, 3, 4, 10),
(68, 'Oscar Valdez', 54000.00, 16200.00, 2, 4, 11),
(69, 'Alicia Ramos', 57000.00, 17100.00, 7, 4, 12),
(70, 'Ignacio Molina', 59000.00, 17700.00, 6, 1, 1),
(71, 'Gloria Cordero', 61000.00, 18300.00, 5, 1, 2),
(72, 'Ramon Espinoza', 58000.00, 17400.00, 4, 1, 3),
(73, 'Carmen Perez', 56000.00, 16800.00, 3, 2, 4),
(74, 'Hector Delgado', 60000.00, 18000.00, 2, 2, 5),
(75, 'Beatriz Luna', 52000.00, 15600.00, 7, 3, 7),
(76, 'Javier Diaz', 54000.00, 16200.00, 6, 3, 8),
(77, 'Olga Figueroa', 57000.00, 17100.00, 5, 4, 10),
(78, 'Antonio Vega', 59000.00, 17700.00, 4, 4, 11),
(79, 'Cecilia Jimenez', 61000.00, 18300.00, 3, 4, 12),
(80, 'Ricardo Ortiz', 58000.00, 17400.00, 2, 1, 1),
(81, 'Mariana Lopez', 56000.00, 16800.00, 7, 1, 2),
(82, 'Ernesto Soto', 60000.00, 18000.00, 6, 1, 3),
(83, 'Paula Ramirez', 52000.00, 15600.00, 5, 2, 4),
(84, 'Lucas Moreno', 54000.00, 16200.00, 4, 2, 5),
(85, 'Angela Ruiz', 57000.00, 17100.00, 3, 3, 7),
(86, 'Rafael Vargas', 59000.00, 17700.00, 2, 3, 8),
(87, 'Laura Gomez', 61000.00, 18300.00, 7, 4, 10),
(88, 'Sergio Castillo', 58000.00, 17400.00, 6, 4, 11),
(89, 'Monica Paredes', 56000.00, 16800.00, 5, 4, 12),
(90, 'Pablo Diaz', 60000.00, 18000.00, 4, 1, 1),
(91, 'Valeria Rios', 52000.00, 15600.00, 3, 1, 2),
(92, 'Francisco Herrera', 54000.00, 16200.00, 2, 1, 3),
(93, 'Nicolas Torres', 57000.00, 17100.00, 7, 2, 4),
(94, 'Adriana Vega', 59000.00, 17700.00, 6, 2, 5),
(95, 'Leonardo Rojas', 61000.00, 18300.00, 5, 3, 7),
(96, 'Rosa Fuentes', 58000.00, 17400.00, 4, 3, 8),
(97, 'Esteban Valdez', 56000.00, 16800.00, 3, 4, 10),
(98, 'Nuria Gomez', 60000.00, 18000.00, 2, 4, 11),
(99, 'Guillermo Perez', 52000.00, 15600.00, 7, 4, 12),
(100, 'Marta Ruiz', 54000.00, 16200.00, 6, 1, 1),
(101, 'Tomás Gómez', 55000.00, 16500.00, 5, 1, 1),
(102, 'Sofía Torres', 60000.00, 18000.00, 4, 1, 2),
(103, 'Alejandro Núñez', 52000.00, 15600.00, 3, 1, 3),
(104, 'Victoria Ramírez', 54000.00, 16200.00, 2, 1, 1),
(105, 'Jorge Vargas', 57000.00, 17100.00, 7, 2, 4),
(106, 'Andrés Castillo', 59000.00, 17700.00, 6, 2, 5),
(107, 'Patricia Morales', 61000.00, 18300.00, 5, 3, 7),
(108, 'Gabriel Rojas', 58000.00, 17400.00, 4, 3, 8),
(109, 'Nuria Ortega', 56000.00, 16800.00, 3, 4, 10),
(110, 'Oscar Aguirre', 60000.00, 18000.00, 2, 4, 11),
(111, 'Laura Peña', 52000.00, 15600.00, 5, 4, 12),
(112, 'Pedro Herrera', 54000.00, 16200.00, 4, 1, 1),
(113, 'Daniela Ruiz', 57000.00, 17100.00, 3, 1, 2),
(114, 'Luis Cabrera', 59000.00, 17700.00, 2, 1, 3),
(115, 'Ana Fernández', 61000.00, 18300.00, 7, 2, 4),
(116, 'Roberto Gil', 58000.00, 17400.00, 6, 2, 5),
(117, 'Isabel Ponce', 56000.00, 16800.00, 5, 3, 7),
(118, 'Carlos Méndez', 60000.00, 18000.00, 4, 3, 8),
(119, 'María Lara', 52000.00, 15600.00, 3, 4, 10),
(120, 'Eduardo Dávila', 54000.00, 16200.00, 2, 4, 11),
(121, 'Valeria Espinoza', 57000.00, 17100.00, 7, 4, 12),
(122, 'Miguel Iglesias', 59000.00, 17700.00, 6, 1, 1),
(123, 'Rocío Velázquez', 61000.00, 18300.00, 5, 1, 2),
(124, 'Fernando Arias', 58000.00, 17400.00, 4, 1, 3),
(125, 'Gloria Camacho', 56000.00, 16800.00, 3, 2, 4),
(126, 'Emilio Navarro', 60000.00, 18000.00, 2, 2, 5),
(127, 'Beatriz Márquez', 52000.00, 15600.00, 7, 3, 7),
(128, 'Javier Ortiz', 54000.00, 16200.00, 6, 3, 8),
(129, 'Claudia Salazar', 57000.00, 17100.00, 5, 4, 10),
(130, 'Alberto Montoya', 59000.00, 17700.00, 4, 4, 11),
(131, 'Elsa Varela', 61000.00, 18300.00, 3, 4, 12),
(132, 'Raúl Paredes', 58000.00, 17400.00, 2, 1, 1),
(133, 'Andrea Rivas', 56000.00, 16800.00, 7, 1, 2),
(134, 'Ernesto Medina', 60000.00, 18000.00, 6, 1, 3),
(135, 'Paulina Calderón', 52000.00, 15600.00, 5, 2, 4),
(136, 'Lucas López', 54000.00, 16200.00, 4, 2, 5),
(137, 'Tania Delgado', 57000.00, 17100.00, 3, 3, 7),
(138, 'Rafael Reyes', 59000.00, 17700.00, 2, 3, 8),
(139, 'Lorena Campos', 61000.00, 18300.00, 7, 4, 10),
(140, 'Sergio Guzmán', 58000.00, 17400.00, 6, 4, 11),
(141, 'Mónica Miranda', 56000.00, 16800.00, 5, 4, 12),
(142, 'Felipe Vásquez', 60000.00, 18000.00, 4, 1, 1),
(143, 'Rosa Zamora', 52000.00, 15600.00, 3, 1, 2),
(144, 'Nicolás Vargas', 54000.00, 16200.00, 2, 1, 3),
(145, 'Adriana Vega', 57000.00, 17100.00, 7, 2, 4),
(146, 'Mariano Ortega', 59000.00, 17700.00, 6, 2, 5),
(147, 'Mariana Gómez', 61000.00, 18300.00, 5, 3, 7),
(148, 'Leonardo Torres', 58000.00, 17400.00, 4, 3, 8),
(149, 'Daniela Sosa', 56000.00, 16800.00, 3, 4, 10),
(150, 'Pablo Díaz', 60000.00, 18000.00, 2, 4, 11),
(151, 'María González', 50000.00, 15000.00, 2, 1, 1),
(152, 'Carlos Pérez', 52000.00, 15600.00, 3, 1, 2),
(153, 'Laura Rodríguez', 54000.00, 16200.00, 4, 1, 3),
(154, 'Juan Sánchez', 56000.00, 16800.00, 5, 2, 4),
(155, 'Ana López', 58000.00, 17400.00, 6, 2, 5),
(156, 'Pedro Martínez', 60000.00, 18000.00, 7, 3, 7),
(157, 'Marta Gómez', 62000.00, 18600.00, 8, 3, 8),
(158, 'Luis Fernández', 64000.00, 19200.00, 9, 4, 10),
(159, 'Lucía Jiménez', 66000.00, 19800.00, 10, 4, 11),
(160, 'Sergio Moreno', 68000.00, 20400.00, 11, 4, 12),
(161, 'Carmen Díaz', 50000.00, 15000.00, 2, 1, 1),
(162, 'Mario Torres', 52000.00, 15600.00, 3, 1, 2),
(163, 'Susana Vázquez', 54000.00, 16200.00, 4, 1, 3),
(164, 'Francisco Romero', 56000.00, 16800.00, 5, 2, 4),
(165, 'Isabel Ortega', 58000.00, 17400.00, 6, 2, 5),
(166, 'Javier Ruiz', 60000.00, 18000.00, 7, 3, 7),
(167, 'Elena Gil', 62000.00, 18600.00, 8, 3, 8),
(168, 'David Castro', 64000.00, 19200.00, 9, 4, 10),
(169, 'Rosa Ramos', 66000.00, 19800.00, 10, 4, 11),
(170, 'Antonio Navarro', 68000.00, 20400.00, 11, 4, 12),
(171, 'Victoria Molina', 50000.00, 15000.00, 2, 1, 1),
(172, 'Alberto Castro', 52000.00, 15600.00, 3, 1, 2),
(173, 'Carolina Vega', 54000.00, 16200.00, 4, 1, 3),
(174, 'Miguel Ruiz', 56000.00, 16800.00, 5, 2, 4),
(175, 'Adriana Pérez', 58000.00, 17400.00, 6, 2, 5),
(176, 'Ramón López', 60000.00, 18000.00, 7, 3, 7),
(177, 'Beatriz Herrera', 62000.00, 18600.00, 8, 3, 8),
(178, 'Felipe Jiménez', 64000.00, 19200.00, 9, 4, 10),
(179, 'Patricia Flores', 66000.00, 19800.00, 10, 4, 11),
(180, 'Gustavo Medina', 68000.00, 20400.00, 11, 4, 12),
(181, 'Sandra Márquez', 50000.00, 15000.00, 2, 1, 1),
(182, 'Diego Núñez', 52000.00, 15600.00, 3, 1, 2),
(183, 'Lorena Castillo', 54000.00, 16200.00, 4, 1, 3),
(184, 'Héctor Molina', 56000.00, 16800.00, 5, 2, 4),
(185, 'Ángel Gómez', 58000.00, 17400.00, 6, 2, 5),
(186, 'Julia Silva', 60000.00, 18000.00, 7, 3, 7),
(187, 'Ernesto Cortés', 62000.00, 18600.00, 8, 3, 8),
(188, 'Natalia Delgado', 64000.00, 19200.00, 9, 4, 10),
(189, 'Luis Cabrera', 66000.00, 19800.00, 10, 4, 11),
(190, 'Eva Herrera', 68000.00, 20400.00, 11, 4, 12),
(191, 'Álvaro Castro', 50000.00, 15000.00, 2, 1, 1),
(192, 'Verónica Ramos', 52000.00, 15600.00, 3, 1, 2),
(193, 'Roberto Gil', 54000.00, 16200.00, 4, 1, 3),
(194, 'Esther Romero', 56000.00, 16800.00, 5, 2, 4),
(195, 'Lucía Sánchez', 58000.00, 17400.00, 6, 2, 5),
(196, 'Manuel Ortiz', 60000.00, 18000.00, 7, 3, 7),
(197, 'Rafael Ramírez', 62000.00, 18600.00, 8, 3, 8),
(198, 'Teresa Herrera', 64000.00, 19200.00, 9, 4, 10),
(199, 'Carlos Vázquez', 66000.00, 19800.00, 10, 4, 11),
(200, 'Marta Jiménez', 68000.00, 20400.00, 11, 4, 12),
(201, 'John Smith', 50000.00, 15000.00, 2, 1, 1),
(202, 'Emily Johnson', 52000.00, 15600.00, 3, 1, 2),
(203, 'James Brown', 54000.00, 16200.00, 4, 1, 3),
(204, 'Linda Davis', 56000.00, 16800.00, 5, 2, 4),
(205, 'Michael Wilson', 58000.00, 17400.00, 6, 2, 5),
(206, 'Sarah Miller', 60000.00, 18000.00, 7, 3, 7),
(207, 'David Moore', 62000.00, 18600.00, 8, 3, 8),
(208, 'Susan Taylor', 64000.00, 19200.00, 9, 4, 10),
(209, 'Daniel Anderson', 66000.00, 19800.00, 10, 4, 11),
(210, 'Karen Thomas', 68000.00, 20400.00, 11, 4, 12),
(211, 'Kevin Jackson', 50000.00, 15000.00, 2, 1, 1),
(212, 'Jessica White', 52000.00, 15600.00, 3, 1, 2),
(213, 'Brian Harris', 54000.00, 16200.00, 4, 1, 3),
(214, 'Megan Martin', 56000.00, 16800.00, 5, 2, 4),
(215, 'Edward Thompson', 58000.00, 17400.00, 6, 2, 5),
(216, 'Laura Martinez', 60000.00, 18000.00, 7, 3, 7),
(217, 'Christopher Garcia', 62000.00, 18600.00, 8, 3, 8),
(218, 'Elizabeth Martinez', 64000.00, 19200.00, 9, 4, 10),
(219, 'Alexander Hernandez', 66000.00, 19800.00, 10, 4, 11),
(220, 'Barbara Lopez', 68000.00, 20400.00, 11, 4, 12),
(221, 'Jason Clark', 50000.00, 15000.00, 2, 1, 1),
(222, 'Sophia Rodriguez', 52000.00, 15600.00, 3, 1, 2),
(223, 'Matthew Lewis', 54000.00, 16200.00, 4, 1, 3),
(224, 'Emma Walker', 56000.00, 16800.00, 5, 2, 4),
(225, 'Anthony Hall', 58000.00, 17400.00, 6, 2, 5),
(226, 'Samantha Allen', 60000.00, 18000.00, 7, 3, 7),
(227, 'Joshua Young', 62000.00, 18600.00, 8, 3, 8),
(228, 'Natalie King', 64000.00, 19200.00, 9, 4, 10),
(229, 'Andrew Wright', 66000.00, 19800.00, 10, 4, 11),
(230, 'Amanda Scott', 68000.00, 20400.00, 11, 4, 12),
(231, 'Emily Nguyen', 50000.00, 15000.00, 2, 1, 1),
(232, 'Daniel Kim', 52000.00, 15600.00, 3, 1, 2),
(233, 'Grace Chen', 54000.00, 16200.00, 4, 1, 3),
(234, 'David Lee', 56000.00, 16800.00, 5, 2, 4),
(235, 'Sophia Park', 58000.00, 17400.00, 6, 2, 5),
(236, 'James Wang', 60000.00, 18000.00, 7, 3, 7),
(237, 'Isabella Tanaka', 62000.00, 18600.00, 8, 3, 8),
(238, 'Ethan Patel', 64000.00, 19200.00, 9, 4, 10),
(239, 'Olivia Sato', 66000.00, 19800.00, 10, 4, 11),
(240, 'Benjamin Chen', 68000.00, 20400.00, 11, 4, 12),
(241, 'Ava Yamamoto', 50000.00, 15000.00, 2, 1, 1),
(242, 'Liam Kim', 52000.00, 15600.00, 3, 1, 2),
(243, 'Mia Zhang', 54000.00, 16200.00, 4, 1, 3),
(244, 'Lucas Huang', 56000.00, 16800.00, 5, 2, 4),
(245, 'Charlotte Chan', 58000.00, 17400.00, 6, 2, 5),
(246, 'Henry Liu', 60000.00, 18000.00, 7, 3, 7),
(247, 'Ella Lee', 62000.00, 18600.00, 8, 3, 8),
(248, 'Noah Wong', 64000.00, 19200.00, 9, 4, 10),
(249, 'Lily Kim', 66000.00, 19800.00, 10, 4, 11),
(250, 'Mason Choi', 68000.00, 20400.00, 11, 4, 12),
(251, 'Kai Zhang', 50000.00, 15000.00, 2, 1, 1),
(252, 'Igor Petrov', 52000.00, 15600.00, 3, 1, 2),
(253, 'Ana Silva', 54000.00, 16200.00, 4, 1, 3),
(254, 'Mei Li', 56000.00, 16800.00, 5, 2, 4),
(255, 'Nikolai Ivanov', 58000.00, 17400.00, 6, 2, 5),
(256, 'Joao Oliveira', 60000.00, 18000.00, 7, 3, 7),
(257, 'Yuki Sato', 62000.00, 18600.00, 8, 3, 8),
(258, 'Alexei Smirnov', 64000.00, 19200.00, 9, 4, 10),
(259, 'Maria Costa', 66000.00, 19800.00, 10, 4, 11),
(260, 'Hiroshi Tanaka', 68000.00, 20400.00, 11, 4, 12),
(261, 'Mikhail Popov', 50000.00, 15000.00, 2, 1, 1),
(262, 'Luisa Ferreira', 52000.00, 15600.00, 3, 1, 2),
(263, 'Akira Nakamura', 54000.00, 16200.00, 4, 1, 3),
(264, 'Vladimir Kozlov', 56000.00, 16800.00, 5, 2, 4),
(265, 'Jose Santos', 58000.00, 17400.00, 6, 2, 5),
(266, 'Kenta Yamamoto', 60000.00, 18000.00, 7, 3, 7),
(267, 'Dmitry Sokolov', 62000.00, 18600.00, 8, 3, 8),
(268, 'Pedro Rodrigues', 64000.00, 19200.00, 9, 4, 10),
(269, 'Sakura Suzuki', 66000.00, 19800.00, 10, 4, 11),
(270, 'Ivan Morozov', 68000.00, 20400.00, 11, 4, 12),
(271, 'Bruno Almeida', 50000.00, 15000.00, 2, 1, 1),
(272, 'Wei Chen', 52000.00, 15600.00, 3, 1, 2),
(273, 'Tatiana Orlov', 54000.00, 16200.00, 4, 1, 3),
(274, 'Fabio Pereira', 56000.00, 16800.00, 5, 2, 4),
(275, 'Chen Wu', 58000.00, 17400.00, 6, 2, 5),
(276, 'Elena Vorobev', 60000.00, 18000.00, 7, 3, 7),
(277, 'Leonardo Moreira', 62000.00, 18600.00, 8, 3, 8),
(278, 'Sofia Pereira', 64000.00, 19200.00, 9, 4, 10),
(279, 'Andrei Lebedev', 66000.00, 19800.00, 10, 4, 11),
(280, 'Jun Wang', 68000.00, 20400.00, 11, 4, 12),
(281, 'Nadia Fedorov', 50000.00, 15000.00, 2, 1, 1),
(282, 'Fernando Gomes', 52000.00, 15600.00, 3, 1, 2),
(283, 'Yue Yang', 54000.00, 16200.00, 4, 1, 3),
(284, 'Sergey Nikolaev', 56000.00, 16800.00, 5, 2, 4),
(285, 'Paulo Cardoso', 58000.00, 17400.00, 6, 2, 5),
(286, 'Rina Watanabe', 60000.00, 18000.00, 7, 3, 7),
(287, 'Viktor Petrov', 62000.00, 18600.00, 8, 3, 8),
(288, 'Helena Mendes', 64000.00, 19200.00, 9, 4, 10),
(289, 'Tatiana Kuznetsov', 66000.00, 19800.00, 10, 4, 11),
(290, 'Minho Kim', 68000.00, 20400.00, 11, 4, 12),
(291, 'Svetlana Ivanova', 50000.00, 15000.00, 2, 1, 1),
(292, 'Luiz Teixeira', 52000.00, 15600.00, 3, 1, 2),
(293, 'Zhao Li', 54000.00, 16200.00, 4, 1, 3),
(294, 'Alexey Mikhailov', 56000.00, 16800.00, 5, 2, 4),
(295, 'Juliana Carvalho', 58000.00, 17400.00, 6, 2, 5),
(296, 'Keiko Nakamura', 60000.00, 18000.00, 7, 3, 7),
(297, 'Oleg Pavlov', 62000.00, 18600.00, 8, 3, 8),
(298, 'Manuel Ferreira', 64000.00, 19200.00, 9, 4, 10),
(299, 'Irina Dmitriev', 66000.00, 19800.00, 10, 4, 11),
(300, 'Jin Park', 68000.00, 20400.00, 11, 4, 12);

INSERT INTO Productos (id_producto, nombre_producto, id_sucursal, id_sector, costo_producto, precio_venta, unidades_vendidas_anual)
VALUES
(1, 'Producto1', 1, 1, 10.00, 15.00, 1000),
(2, 'Producto2', 1, 2, 12.00, 18.00, 800),
(3, 'Producto3', 2, 4, 11.00, 16.00, 900),
(4, 'Producto4', 2, 5, 13.00, 19.00, 850),
(5, 'Producto5', 3, 7, 10.50, 15.50, 950),
(6, 'Producto6', 3, 8, 11.50, 17.00, 780),
(7, 'Producto7', 4, 10, 12.00, 18.50, 850),
(8, 'Producto8', 4, 11, 13.50, 19.50, 900),
(9, 'Producto9', 1, 1, 14.00, 20.00, 1000),
(10, 'Producto10', 1, 2, 15.00, 21.00, 850),
(11, 'Producto11', 2, 4, 16.00, 22.00, 900),
(12, 'Producto12', 2, 5, 17.00, 23.00, 780),
(13, 'Producto13', 3, 7, 18.00, 24.00, 850),
(14, 'Producto14', 3, 8, 19.00, 25.00, 900),
(15, 'Producto15', 4, 10, 20.00, 26.00, 1000),
(16, 'Producto16', 4, 11, 21.00, 27.00, 850),
(17, 'Producto17', 1, 1, 22.00, 28.00, 900),
(18, 'Producto18', 1, 2, 23.00, 29.00, 780);




